ending_value,total_contribution,final_unit_nav,total_return,annualized_return,annualized_volatility,max_drawdown
1192273.82132,840000.0,1.419373596809524,0.419373596809524,0.053502590035558795,0.12643509741042652,0.20476984518500582
