group_name,cumulative_return_diff,annualized_return_diff,max_drawdown_diff,annualized_volatility_diff,sharpe_like_ratio_diff,total_invested_cash_diff,total_uninvested_cash_diff,invested_ratio_diff,total_trade_count_diff,unfilled_count_diff,unfilled_amount_diff,total_yellow_triggers_diff,total_red_triggers_diff,avg_monthly_risk_flags_diff,average_etf_weight_diff,average_stock_weight_diff,average_cash_weight_diff,average_weight_deviation_diff,max_weight_deviation_diff,count_months_with_cash_drag_diff,count_months_with_paused_buys_diff
baseline,0.0,0.0,0.0,0.0,0.0,0.0,0.0,0.0,0.0,0.0,0.0,0.0,0.0,0.0,0.0,0.0,0.0,0.0,0.0,0.0,0.0
etf_redline_tighter,-0.04519859502380941,-0.005055517716826108,-0.010687932423848773,-0.009611020678273532,-0.008633376834810302,-46198.58018000005,46198.58018000008,-0.054998309738095275,-6.0,6.0,816.0704611192632,30.0,72.0,1.291139240506329,-0.05642832628159522,0.0,0.05642832628159514,0.0002477646197219796,0.001797508193391112,0.0,0.0
etf_redline_looser,-0.002255617869047599,-0.00024901419294831584,0.003917567608685724,0.0022001174448820493,-0.00914202601086328,938.9190100000706,-938.9190099999832,0.0011177607261905198,0.0,0.0,250.67742013305542,-8.0,-100.0,-0.9431223628691985,0.0029668556491183606,0.0,-0.0029668556491183884,-0.0042882984983313235,-0.013222395428857087,0.0,0.0
stock_redline_tighter,0.0,0.0,0.0,0.0,0.0,0.0,0.0,0.0,0.0,0.0,0.0,0.0,0.0,0.0,0.0,0.0,0.0,0.0,0.0,0.0,0.0
stock_redline_looser,0.0,0.0,0.0,0.0,0.0,0.0,0.0,0.0,0.0,0.0,0.0,0.0,0.0,0.0,0.0,0.0,0.0,0.0,0.0,0.0,0.0
monthly_buy_last_trading_day,-0.009234045119047574,-0.0011740624052167803,0.0004465360192968393,0.0039122925908586514,-0.021655186626667378,383.49789999984205,-383.49789999995846,0.00045654511904735795,3.0,-3.0,461.84209988446673,-39.0,-24.0,-0.7974683544303804,-0.0007296237332535815,0.0,0.0007296237332536093,9.181033286987522e-05,-0.0034326243428520198,0.0,0.0
higher_slippage,-0.0004312079880952613,1.1176142761915031e-05,8.925419319211203e-05,3.100566880875899e-05,-1.4878649785499132e-05,87.81471000006422,-87.81471000003512,0.000104541321428675,0.0,0.0,-22.419878983782837,0.0,0.0,0.0,0.00014291808217814506,0.0,-0.00014291808217808954,-3.495230762762258e-06,9.800539690257848e-05,0.0,0.0
